ts_code,trade_date,open,high,low,close,change,pct_chg,vol,amount
300308.SZ,20230704,103.05,105.79,101.96,103.06,0.38,0.37,310201,4580082239.0
300308.SZ,20230705,102.69,103.06,97.45,97.62,-5.44,-5.28,341397,4864646976.0
300308.SZ,20230706,97.49,102.37,96.72,98.23,0.61,0.62,323412,4578612223.0
300308.SZ,20230707,101.67,106.0,95.66,103.39,5.16,5.25,507938,7325079902.0
300308.SZ,20230710,102.12,103.32,96.24,100.96,-2.43,-2.35,419946,5942156102.0
300308.SZ,20230711,102.67,104.69,100.22,104.48,3.52,3.49,345456,5054824477.0
300308.SZ,20230712,105.2,106.99,97.5,97.5,-6.98,-6.68,465962,6734275073.0
300308.SZ,20230713,99.69,108.93,99.69,108.57,11.07,11.35,536983,7947614825.0
300308.SZ,20230714,110.34,112.45,106.35,109.43,0.86,0.79,539874,8351777076.0
300308.SZ,20230717,108.5,116.3,108.38,111.1,1.67,1.53,405983,6478700227.0
300308.SZ,20230718,112.8,113.1,105.55,106.48,-4.62,-4.16,311922,4811204345.0
300308.SZ,20230719,108.43,109.84,104.78,104.84,-1.64,-1.54,221403,3357756300.0
300308.SZ,20230720,103.76,104.41,90.86,91.19,-13.65,-13.02,671198,9235924769.0
300308.SZ,20230721,91.19,92.43,88.1,91.36,0.17,0.19,527382,6789054875.0
300308.SZ,20230724,91.3,95.45,90.38,91.9,0.54,0.59,393842,5213235803.0
300308.SZ,20230725,93.46,99.07,91.19,94.24,2.34,2.55,447119,6031733705.0
300308.SZ,20230726,94.36,95.2,89.05,90.5,-3.74,-3.97,400397,5222877717.0
300308.SZ,20230727,89.1,91.98,88.39,89.68,-0.82,-0.91,253277,3245832687.0
300308.SZ,20230728,88.76,92.04,87.31,88.96,-0.72,-0.8,341067,4345023431.0
300308.SZ,20230731,86.93,92.23,86.88,89.75,0.79,0.89,372555,4779940266.0
300308.SZ,20230801,89.75,95.49,89.5,94.63,4.88,5.44,484146,6416563398.0
300308.SZ,20230802,94.06,95.49,91.56,93.92,-0.71,-0.75,264234,3525725901.0
300308.SZ,20230803,91.46,95.13,89.99,91.55,-2.37,-2.52,301570,3954508032.0
300308.SZ,20230804,91.21,99.11,90.83,98.33,6.78,7.41,458229,6212604411.0
300308.SZ,20230807,99.09,103.16,97.57,99.63,1.3,1.32,413930,5916033330.0
300308.SZ,20230808,99.63,101.55,94.42,94.43,-5.2,-5.22,303276,4213408871.0
300308.SZ,20230809,94.19,95.6,88.75,88.92,-5.51,-5.84,417352,5455563216.0
300308.SZ,20230810,86.92,89.17,85.45,86.88,-2.04,-2.29,314116,3903812258.0
300308.SZ,20230811,87.9,89.13,85.42,85.42,-1.46,-1.68,209528,2602884599.0
300308.SZ,20230814,85.94,86.53,84.22,86.53,1.11,1.3,299863,3653432708.0
300308.SZ,20230815,90.47,91.1,84.73,85.37,-1.16,-1.34,425348,5328572547.0
300308.SZ,20230816,84.02,86.37,82.64,84.73,-0.64,-0.75,313831,3776187151.0
300308.SZ,20230817,83.14,87.02,81.98,85.62,0.89,1.05,320164,3886919823.0
300308.SZ,20230818,85.08,85.8,80.78,80.78,-4.84,-5.65,315174,3733845102.0
300308.SZ,20230821,81.36,84.4,80.62,82.47,1.69,2.09,255052,3016721235.0
300308.SZ,20230822,85.51,88.71,82.67,88.31,5.84,7.08,465006,5683967305.0
300308.SZ,20230823,86.5,86.51,82.64,83.28,-5.03,-5.7,286357,3429649261.0
300308.SZ,20230824,86.88,88.31,83.52,84.72,1.44,1.73,409584,5006257034.0
300308.SZ,20230825,79.21,80.51,73.95,74.62,-10.1,-11.92,580820,6411278828.0
300308.SZ,20230828,79.69,81.17,76.89,77.89,3.27,4.38,487689,5518917338.0
300308.SZ,20230829,78.97,84.72,76.48,80.55,2.66,3.42,439491,5049231497.0
300308.SZ,20230830,81.2,83.71,79.24,81.13,0.58,0.72,313843,3637835087.0
300308.SZ,20230831,79.69,81.37,79.51,80.14,-0.99,-1.22,193111,2222072593.0
300308.SZ,20230901,79.62,80.62,77.43,78.36,-1.78,-2.22,209959,2366297059.0
300308.SZ,20230904,78.94,79.32,77.36,78.5,0.14,0.18,165719,1853237382.0
300308.SZ,20230905,78.18,78.18,75.47,76.11,-2.39,-3.04,214383,2351163353.0
300308.SZ,20230906,76.18,77.5,74.52,76.6,0.49,0.64,198480,2159984140.0
300308.SZ,20230907,76.17,77.36,74.02,74.17,-2.43,-3.17,239296,2576182319.0
300308.SZ,20230908,72.2,74.8,71.07,73.4,-0.77,-1.04,287886,3020167548.0
300308.SZ,20230911,74.12,78.96,72.88,76.24,2.84,3.87,379722,4157932997.0
300308.SZ,20230912,75.44,78.17,75.06,76.76,0.52,0.68,244787,2703602919.0
300308.SZ,20230913,76.42,77.46,73.48,74.42,-2.34,-3.05,180589,1940755914.0
300308.SZ,20230914,74.78,75.6,71.43,71.54,-2.88,-3.87,246306,2577436504.0
300308.SZ,20230915,72.07,72.62,67.77,68.68,-2.86,-4.0,363809,3651606068.0
300308.SZ,20230918,68.91,69.34,65.84,66.4,-2.28,-3.32,296946,2886881290.0
300308.SZ,20230919,67.04,69.1,65.1,67.12,0.72,1.08,265244,2558488943.0
300308.SZ,20230920,67.11,70.28,66.76,67.58,0.46,0.69,275470,2709599896.0
300308.SZ,20230921,67.12,69.86,66.91,67.74,0.16,0.24,239776,2360482803.0
300308.SZ,20230922,68.17,78.91,67.84,77.59,9.85,14.54,647611,6867634057.0
300308.SZ,20230925,77.59,78.18,74.52,75.02,-2.57,-3.31,410389,4492724323.0
300308.SZ,20230926,76.78,80.96,76.31,78.11,3.09,4.12,442133,4973206850.0
300308.SZ,20230927,77.71,81.27,77.71,79.74,1.63,2.09,276082,3148705127.0
300308.SZ,20230928,82.48,83.52,79.7,80.98,1.24,1.56,306391,3565312268.0
300308.SZ,20231009,80.72,81.83,75.03,77.58,-3.4,-4.2,442494,4935200179.0
300308.SZ,20231010,77.08,78.77,75.36,76.42,-1.16,-1.5,255412,2811180252.0
300308.SZ,20231011,77.21,79.52,75.14,76.62,0.2,0.26,254655,2814276801.0
300308.SZ,20231012,77.53,77.84,73.68,74.42,-2.2,-2.87,218266,2341724753.0
300308.SZ,20231013,73.8,74.21,70.28,71.33,-3.09,-4.15,294906,3035091200.0
300308.SZ,20231016,70.6,71.63,69.19,69.64,-1.69,-2.37,222840,2239102029.0
300308.SZ,20231017,70.44,72.15,68.11,70.03,0.39,0.56,238039,2390436762.0
300308.SZ,20231018,67.2,68.27,64.76,67.8,-2.23,-3.18,345664,3319570126.0
300308.SZ,20231019,67.31,67.84,65.49,65.78,-2.02,-2.98,221355,2112414474.0
300308.SZ,20231020,67.46,67.6,65.15,65.37,-0.41,-0.62,250655,2386369704.0
300308.SZ,20231023,67.6,69.03,65.11,66.83,1.46,2.23,390850,3745740421.0
300308.SZ,20231024,68.34,70.92,65.69,66.61,-0.22,-0.33,580028,5694715205.0
300308.SZ,20231025,63.5,66.5,60.87,61.02,-5.59,-8.39,579931,5257017631.0
300308.SZ,20231026,61.48,62.99,60.73,62.37,1.35,2.21,349972,3115896145.0
300308.SZ,20231027,61.74,62.65,60.59,62.02,-0.35,-0.56,272731,2430655711.0
300308.SZ,20231030,61.99,63.02,60.65,62.32,0.3,0.48,273032,2435833702.0
300308.SZ,20231031,62.59,62.88,59.51,60.83,-1.49,-2.39,277602,2422980989.0
300308.SZ,20231101,60.43,61.44,58.89,59.01,-1.82,-2.99,226990,1962819213.0
300308.SZ,20231102,59.96,61.97,59.5,59.52,0.51,0.86,273153,2385194800.0
300308.SZ,20231103,59.93,63.28,59.93,61.48,1.96,3.29,383210,3426594903.0
300308.SZ,20231106,62.76,63.82,61.73,63.47,1.99,3.24,374255,3392829396.0
300308.SZ,20231107,63.09,72.51,62.65,69.06,5.59,8.81,563865,5399560130.0
300308.SZ,20231108,67.55,68.6,66.55,67.22,-1.84,-2.66,356276,3451750190.0
300308.SZ,20231109,68.91,71.91,68.41,70.34,3.12,4.64,399700,4027566223.0
300308.SZ,20231110,69.99,73.37,69.63,70.74,0.4,0.57,313228,3214256450.0
300308.SZ,20231113,73.8,75.75,72.36,73.15,2.41,3.41,378875,4025461363.0
300308.SZ,20231114,73.16,75.12,71.46,73.23,0.08,0.11,275454,2892680627.0
300308.SZ,20231115,75.38,75.38,69.72,72.51,-0.72,-0.98,308091,3176885728.0
300308.SZ,20231116,71.07,72.43,69.64,69.66,-2.85,-3.93,236171,2397920624.0
300308.SZ,20231117,69.7,74.66,69.7,73.65,3.99,5.73,316933,3260389726.0
300308.SZ,20231120,72.25,73.63,70.05,71.32,-2.33,-3.16,326041,3342265675.0
300308.SZ,20231121,72.42,74.88,71.85,72.2,0.88,1.23,292441,3067829702.0
300308.SZ,20231122,71.07,71.43,67.69,67.73,-4.47,-6.19,367765,3646456165.0
300308.SZ,20231123,67.4,68.55,66.61,68.3,0.57,0.84,206942,2012153493.0
300308.SZ,20231124,67.7,68.03,65.22,65.61,-2.69,-3.94,200773,1911066593.0
300308.SZ,20231127,65.33,69.04,65.32,68.11,2.5,3.81,278191,2690866547.0
300308.SZ,20231128,67.12,67.54,65.36,65.86,-2.25,-3.3,161032,1528746475.0
300308.SZ,20231129,65.98,66.61,64.93,65.85,-0.01,-0.02,159551,1510402395.0
300308.SZ,20231130,65.39,66.29,65.02,65.98,0.13,0.2,151676,1434217214.0
300308.SZ,20231201,65.96,70.74,64.7,69.63,3.65,5.53,410446,4008161831.0
300308.SZ,20231204,70.01,73.22,69.7,71.63,2.0,2.87,354377,3652847132.0
300308.SZ,20231205,70.98,72.5,70.0,70.21,-1.42,-1.98,270608,2763096764.0
300308.SZ,20231206,69.63,70.71,68.77,70.12,-0.09,-0.13,177177,1775299067.0
300308.SZ,20231207,71.5,73.58,69.79,72.77,2.65,3.78,323807,3356657902.0
300308.SZ,20231208,75.28,83.93,73.96,82.2,9.43,12.96,628438,7103915957.0
300308.SZ,20231211,82.02,84.72,79.85,84.11,1.91,2.32,443290,5235994390.0
300308.SZ,20231212,84.09,85.08,78.25,80.38,-3.73,-4.43,438344,5097963380.0
300308.SZ,20231213,79.8,81.12,79.07,79.26,-1.12,-1.39,205264,2346037368.0
300308.SZ,20231214,80.41,81.76,78.33,78.84,-0.42,-0.53,238962,2737229888.0
300308.SZ,20231215,79.24,79.91,75.78,76.85,-1.99,-2.52,201303,2227687542.0
300308.SZ,20231218,76.18,80.77,75.75,79.25,2.4,3.12,274000,3091409583.0
300308.SZ,20231219,79.78,80.33,76.81,79.11,-0.14,-0.18,199868,2241974668.0
300308.SZ,20231220,79.12,79.37,75.06,76.31,-2.8,-3.54,238898,2615125511.0
300308.SZ,20231221,75.53,82.49,74.98,79.83,3.52,4.61,298798,3366749240.0
300308.SZ,20231222,78.74,80.16,76.37,77.1,-2.73,-3.42,238635,2672138708.0
300308.SZ,20231225,77.61,79.17,75.15,77.71,0.61,0.79,152210,1685997617.0
300308.SZ,20231226,77.24,77.81,73.66,74.63,-3.08,-3.96,195585,2102879808.0
300308.SZ,20231227,75.08,76.11,74.38,74.75,0.12,0.16,133511,1437142545.0
300308.SZ,20231228,74.57,76.96,74.23,76.11,1.36,1.82,199079,2165419497.0
300308.SZ,20231229,76.18,81.08,76.16,78.91,2.8,3.68,241047,2718458839.0
300308.SZ,20240102,78.86,80.25,77.2,77.25,-1.66,-2.1,147911,1658786396.0
300308.SZ,20240103,76.18,76.81,73.14,73.22,-4.03,-5.22,221087,2356778140.0
300308.SZ,20240104,73.01,73.71,71.33,72.51,-0.71,-0.97,166507,1734928760.0
300308.SZ,20240105,72.23,72.86,69.06,69.65,-2.86,-3.94,175521,1773515105.0
300308.SZ,20240108,69.49,70.43,68.07,68.77,-0.88,-1.26,132630,1316070423.0
300308.SZ,20240109,70.91,72.17,69.99,70.58,1.81,2.63,200011,2039717585.0
300308.SZ,20240110,70.59,71.58,68.41,69.63,-0.95,-1.35,138602,1393780738.0
300308.SZ,20240111,69.63,72.85,69.57,72.07,2.44,3.5,192897,1984685244.0
300308.SZ,20240112,71.52,71.77,69.32,70.03,-2.04,-2.83,138420,1398417951.0
300308.SZ,20240115,69.17,72.22,69.17,70.98,0.95,1.36,126476,1289058895.0
300308.SZ,20240116,70.27,70.54,68.48,69.84,-1.14,-1.61,169026,1682657692.0
300308.SZ,20240117,70.11,71.67,68.93,68.93,-0.91,-1.3,191932,1945345016.0
300308.SZ,20240118,67.5,76.78,67.35,76.69,7.76,11.26,370998,3850429267.0
300308.SZ,20240119,78.47,79.39,77.1,77.53,0.84,1.1,318973,3573579547.0
300308.SZ,20240122,81.13,81.49,77.53,77.97,0.44,0.57,327150,3731497973.0
300308.SZ,20240123,78.25,82.03,77.42,79.69,1.72,2.21,297570,3408601776.0
300308.SZ,20240124,79.44,79.82,76.08,79.47,-0.22,-0.28,269552,3016646610.0
300308.SZ,20240125,78.6,83.43,77.84,82.82,3.35,4.22,297010,3452818091.0
300308.SZ,20240126,82.56,82.56,79.55,81.1,-1.72,-2.08,232150,2684718247.0
300308.SZ,20240129,79.44,79.44,67.26,72.38,-8.72,-10.75,426559,4424563970.0
300308.SZ,20240130,71.79,73.8,70.16,70.49,-1.89,-2.61,213968,2200544065.0
300308.SZ,20240131,69.65,75.3,68.73,71.64,1.15,1.63,282995,2927986702.0
300308.SZ,20240201,72.35,81.13,70.75,77.57,5.93,8.28,351116,3847918800.0
300308.SZ,20240202,78.17,79.6,75.16,76.71,-0.86,-1.11,279578,3103259131.0
300308.SZ,20240205,75.38,82.15,75.29,78.25,1.54,2.01,365547,4102681202.0
300308.SZ,20240206,77.29,87.51,76.67,87.51,9.26,11.83,354969,4195653491.0
300308.SZ,20240207,86.23,88.3,85.14,87.31,-0.2,-0.23,270580,3350814368.0
300308.SZ,20240208,89.39,96.22,87.45,89.03,1.72,1.97,355918,4632654850.0
300308.SZ,20240219,96.93,107.28,93.96,107.28,18.25,20.5,415891,5903577723.0
300308.SZ,20240220,107.71,114.89,106.27,112.38,5.1,4.75,448372,7034768610.0
300308.SZ,20240221,106.99,108.45,103.62,105.53,-6.85,-6.1,451416,6804226869.0
300308.SZ,20240222,111.34,112.48,105.17,108.8,3.27,3.1,419515,6487864847.0
300308.SZ,20240223,112.74,113.46,103.44,103.92,-4.88,-4.49,490341,7510727153.0
300308.SZ,20240226,99.83,106.57,99.83,104.86,0.94,0.9,332927,4922663307.0
300308.SZ,20240227,103.73,116.12,102.7,114.13,9.27,8.84,451323,7020038750.0
300308.SZ,20240228,113.46,114.82,105.42,105.42,-8.71,-7.63,401106,6279629115.0
300308.SZ,20240229,107.71,111.88,106.27,109.26,3.84,3.64,368094,5701688971.0
300308.SZ,20240301,109.89,115.27,109.89,113.53,4.27,3.91,378207,6060755920.0
300308.SZ,20240304,117.13,120.4,112.82,116.81,3.28,2.89,405035,6720413345.0
300308.SZ,20240305,115.11,127.04,114.62,119.32,2.51,2.15,469234,8060200295.0
300308.SZ,20240306,117.77,120.07,114.78,117.97,-1.35,-1.13,304080,5067085333.0
300308.SZ,20240307,119.93,123.35,115.61,115.71,-2.26,-1.92,303689,5133479836.0
300308.SZ,20240308,119.11,124.9,116.08,123.51,7.8,6.74,364538,6201217393.0
300308.SZ,20240311,117.79,120.62,115.82,120.36,-3.15,-2.55,341617,5731310734.0
300308.SZ,20240312,119.78,121.07,112.58,116.23,-4.13,-3.43,361905,5953070254.0
300308.SZ,20240313,120.94,121.28,116.25,116.33,0.1,0.09,317684,5342846964.0
300308.SZ,20240314,114.18,121.36,114.18,119.59,3.26,2.8,311017,5214891325.0
300308.SZ,20240315,117.77,127.4,116.76,125.21,5.62,4.7,389742,6764300159.0
300308.SZ,20240318,126.21,131.48,125.38,127.1,1.89,1.51,329936,5992840652.0
300308.SZ,20240319,122.3,124.7,120.97,122.66,-4.44,-3.49,332772,5780641201.0
300308.SZ,20240320,121.36,123.99,117.05,119.18,-3.48,-2.84,321580,5463505015.0
300308.SZ,20240321,119.38,121.84,117.29,118.26,-0.92,-0.77,253273,4286810984.0
300308.SZ,20240322,118.49,120.3,117.31,118.26,0.0,0.0,226153,3808295940.0
300308.SZ,20240325,118.46,121.28,115.61,117.42,-0.84,-0.71,223357,3768601701.0
300308.SZ,20240326,116.7,121.92,105.56,111.66,-5.76,-4.91,465246,7652591654.0
300308.SZ,20240327,113.3,114.16,107.54,108.57,-3.09,-2.77,290856,4521397248.0
300308.SZ,20240328,109.16,112.65,106.37,108.93,0.36,0.33,263309,4086742971.0
300308.SZ,20240329,107.78,110.58,106.88,110.27,1.34,1.23,167220,2590950115.0
300308.SZ,20240401,111.15,115.53,109.7,114.9,4.63,4.2,217931,3504589328.0
300308.SZ,20240402,114.18,117.05,112.76,114.57,-0.33,-0.29,194556,3171195444.0
300308.SZ,20240403,112.02,113.14,109.6,109.94,-4.63,-4.04,166304,2618840278.0
300308.SZ,20240408,109.58,119.42,109.58,116.02,6.08,5.53,259243,4269465704.0
300308.SZ,20240409,115.61,117.04,112.91,116.26,0.24,0.21,170383,2785007976.0
300308.SZ,20240410,114.37,116.25,110.58,112.38,-3.88,-3.34,168491,2696699548.0
300308.SZ,20240411,113.46,116.03,112.59,112.85,0.47,0.42,148863,2416242537.0
300308.SZ,20240412,115.61,123.01,115.26,119.44,6.59,5.84,307351,5182115971.0
300308.SZ,20240415,118.34,121.75,117.45,119.57,0.13,0.11,179396,3047691505.0
300308.SZ,20240416,117.99,121.72,114.93,117.31,-2.26,-1.89,187935,3145449648.0
300308.SZ,20240417,118.73,124.27,117.05,123.24,5.93,5.05,214536,3698968619.0
300308.SZ,20240418,120.4,124.45,118.63,122.35,-0.89,-0.72,164135,2824168101.0
300308.SZ,20240419,121.47,123.69,115.54,120.43,-1.92,-1.57,214528,3624908306.0
300308.SZ,20240422,109.15,112.73,106.19,111.56,-8.87,-7.37,349183,5442876599.0
300308.SZ,20240423,112.0,114.08,108.77,110.95,-0.61,-0.55,240667,3799155366.0
300308.SZ,20240424,112.58,119.21,111.2,118.68,7.73,6.97,276107,4549241862.0
300308.SZ,20240425,116.26,118.37,115.1,115.72,-2.96,-2.49,166718,2750304963.0
300308.SZ,20240426,120.64,132.84,120.36,130.6,14.88,12.86,406578,7323462759.0
300308.SZ,20240429,132.83,134.29,131.08,132.64,2.04,1.56,249760,4689147215.0
300308.SZ,20240430,132.5,136.36,131.49,131.64,-1.0,-0.75,165901,3125768465.0
300308.SZ,20240506,135.01,136.17,129.16,129.42,-2.22,-1.69,198702,3706333215.0
300308.SZ,20240507,132.7,133.38,121.43,124.8,-4.62,-3.57,308644,5529937098.0
300308.SZ,20240508,123.88,125.62,122.44,123.37,-1.43,-1.15,160688,2814674417.0
300308.SZ,20240509,122.73,123.23,118.65,122.21,-1.16,-0.94,182080,3126602030.0
300308.SZ,20240510,120.5,121.85,117.54,120.79,-1.42,-1.16,153239,2601899901.0
300308.SZ,20240513,121.72,124.24,120.26,121.04,0.25,0.21,166640,2884117089.0
300308.SZ,20240514,121.26,122.08,116.11,116.64,-4.4,-3.64,214661,3588889956.0
300308.SZ,20240515,116.34,120.79,115.97,117.6,0.96,0.82,154121,2592032884.0
300308.SZ,20240516,121.35,123.22,119.93,120.28,2.68,2.28,232075,3996205959.0
300308.SZ,20240517,118.34,122.3,115.78,120.34,0.06,0.05,199081,3355521484.0
300308.SZ,20240520,119.21,126.28,117.41,124.85,4.51,3.75,242249,4216190045.0
300308.SZ,20240521,124.71,127.33,124.06,125.26,0.41,0.33,133052,2365089270.0
300308.SZ,20240522,124.24,124.87,121.88,122.2,-3.06,-2.44,139400,2424031283.0
300308.SZ,20240523,125.67,126.87,119.12,122.65,0.45,0.37,221645,3862401523.0
300308.SZ,20240524,121.36,126.92,116.32,116.61,-6.04,-4.92,273666,4707445197.0
300308.SZ,20240527,117.13,120.56,116.33,118.77,2.16,1.85,166951,2800223305.0
300308.SZ,20240528,117.77,118.05,112.81,113.47,-5.3,-4.46,247346,4020566727.0
300308.SZ,20240529,116.33,117.05,113.08,113.46,-0.01,-0.01,157898,2569503575.0
300308.SZ,20240530,113.53,114.82,111.78,112.72,-0.74,-0.65,109585,1761805684.0
300308.SZ,20240531,110.58,114.67,108.82,110.78,-1.94,-1.72,149536,2374106005.0
300308.SZ,20240603,113.46,121.15,112.26,118.74,7.96,7.19,285076,4731275316.0
300308.SZ,20240604,119.93,123.51,119.49,122.08,3.34,2.81,204402,3530988622.0
300308.SZ,20240605,121.43,122.44,117.74,117.74,-4.34,-3.56,141072,2396263069.0
300308.SZ,20240606,121.4,128.02,121.4,123.52,5.78,4.91,405410,5135755310.0
300308.SZ,20240607,122.2,124.04,117.09,117.61,-5.91,-4.78,315917,3833371066.0
300308.SZ,20240611,117.09,119.76,115.49,117.11,-0.5,-0.43,199735,2379405437.0
300308.SZ,20240612,117.1,119.43,115.12,117.31,0.2,0.17,166250,1985567478.0
300308.SZ,20240613,118.97,124.53,117.78,121.8,4.49,3.83,306309,3771612455.0
300308.SZ,20240614,123.11,138.58,122.18,136.4,14.6,11.99,586874,7839639212.0
300308.SZ,20240617,139.1,143.04,138.6,140.61,4.21,3.09,378266,5391099007.0
300308.SZ,20240618,140.68,149.59,140.68,145.01,4.4,3.13,344578,5098018675.0
300308.SZ,20240619,147.85,148.34,142.3,144.1,-0.91,-0.63,246413,3612996769.0
300308.SZ,20240620,144.1,147.06,142.76,142.8,-1.3,-0.9,208398,3048856053.0
300308.SZ,20240621,138.6,143.9,138.11,141.1,-1.7,-1.19,236958,3370036604.0
300308.SZ,20240624,143.3,144.59,137.65,138.31,-2.79,-1.98,204613,2921350284.0
300308.SZ,20240625,133.1,135.7,131.65,133.0,-5.31,-3.84,264489,3578138738.0
300308.SZ,20240626,136.1,138.87,135.7,138.1,5.1,3.83,266283,3707870889.0
300308.SZ,20240627,136.07,138.1,133.9,134.24,-3.86,-2.8,173074,2379118679.0
300308.SZ,20240628,134.1,139.94,133.85,135.98,1.74,1.3,228263,3172321953.0
300308.SZ,20240701,135.45,144.43,135.11,143.0,7.02,5.16,296493,4223116020.0
300308.SZ,20240702,143.08,145.76,140.8,143.71,0.71,0.5,228769,3316855736.0
300308.SZ,20240703,142.1,142.55,138.2,141.6,-2.11,-1.47,151175,2158450975.0
300308.SZ,20240704,143.9,145.45,141.11,141.11,-0.49,-0.35,172767,2504152996.0
300308.SZ,20240705,141.7,142.38,136.81,139.6,-1.51,-1.07,180387,2543120859.0
300308.SZ,20240708,144.19,145.1,140.49,142.49,2.89,2.07,203808,2949013371.0
300308.SZ,20240709,141.99,154.1,140.51,152.43,9.94,6.98,310068,4642266377.0
300308.SZ,20240710,152.1,156.07,150.68,155.63,3.2,2.1,236345,3673033725.0
300308.SZ,20240711,157.31,157.78,147.4,151.36,-4.27,-2.74,290843,4476813445.0
300308.SZ,20240712,146.21,149.07,144.1,148.22,-3.14,-2.07,200312,2976010773.0
300308.SZ,20240715,146.1,149.47,143.4,147.68,-0.54,-0.36,179397,2664238645.0
300308.SZ,20240716,147.78,148.58,141.9,146.22,-1.46,-0.99,252086,3698321624.0
300308.SZ,20240717,145.08,145.57,138.53,139.81,-6.41,-4.38,289923,4145866194.0
300308.SZ,20240718,134.11,138.61,131.35,138.1,-1.71,-1.22,337909,4619009628.0
300308.SZ,20240719,135.3,137.4,133.06,133.08,-5.02,-3.64,224671,3063009878.0
300308.SZ,20240722,132.1,134.6,130.24,132.7,-0.38,-0.29,206271,2777150119.0
300308.SZ,20240723,135.1,135.18,129.0,129.02,-3.68,-2.77,202718,2707670559.0
300308.SZ,20240724,127.61,133.6,127.29,128.44,-0.58,-0.45,221289,2916400939.0
300308.SZ,20240725,124.8,125.48,118.95,120.37,-8.07,-6.28,343554,4246699227.0
300308.SZ,20240726,120.81,123.9,119.17,122.35,1.98,1.64,224745,2778076040.0
300308.SZ,20240729,122.09,129.41,121.26,127.69,5.34,4.36,269963,3466688555.0
300308.SZ,20240730,126.1,127.58,123.78,125.76,-1.93,-1.51,158539,2022304841.0
300308.SZ,20240731,124.48,128.1,121.2,127.6,1.84,1.46,281327,3589623009.0
300308.SZ,20240801,132.6,133.55,127.61,128.0,0.4,0.31,279792,3706785027.0
300308.SZ,20240802,120.48,122.32,116.78,117.08,-10.92,-8.53,379676,4584955950.0
300308.SZ,20240805,111.14,114.9,107.09,108.22,-8.86,-7.57,470589,5309927854.0
300308.SZ,20240806,113.0,115.34,111.02,112.58,4.36,4.03,333818,3824830262.0
300308.SZ,20240807,111.1,114.1,110.1,111.42,-1.16,-1.03,206353,2351788735.0
300308.SZ,20240808,108.1,110.39,107.1,108.6,-2.82,-2.53,204452,2259430351.0
300308.SZ,20240809,111.1,113.1,110.38,110.63,2.03,1.87,255182,2902018840.0
300308.SZ,20240812,110.45,113.5,110.45,111.45,0.82,0.74,175290,1998402060.0
300308.SZ,20240813,113.1,116.59,112.2,115.04,3.59,3.22,254796,2963496085.0
300308.SZ,20240814,118.12,118.6,113.88,113.88,-1.16,-1.01,206355,2433217393.0
300308.SZ,20240815,113.86,115.02,111.9,113.2,-0.68,-0.6,149763,1726995551.0
300308.SZ,20240816,116.3,119.99,116.3,118.06,4.86,4.29,275063,3304747086.0
300308.SZ,20240819,119.3,121.75,117.55,119.74,1.68,1.42,187254,2286153025.0
300308.SZ,20240820,122.09,123.28,119.35,119.79,0.05,0.04,169605,2085883211.0
300308.SZ,20240821,118.3,121.87,118.1,120.32,0.53,0.44,133815,1634151027.0
300308.SZ,20240822,120.56,121.37,118.57,119.49,-0.83,-0.69,106735,1302086377.0
300308.SZ,20240823,119.09,119.58,116.6,118.02,-1.47,-1.23,122754,1468408090.0
300308.SZ,20240826,119.9,120.47,110.96,112.44,-5.58,-4.73,263663,3067115171.0
300308.SZ,20240827,111.61,113.68,109.82,111.35,-1.09,-0.97,163776,1856846884.0
300308.SZ,20240828,111.1,113.61,109.33,110.66,-0.69,-0.62,148952,1681050556.0
300308.SZ,20240829,104.87,105.6,100.4,104.74,-5.92,-5.35,374851,3940028514.0
300308.SZ,20240830,104.52,109.0,104.43,107.0,2.26,2.16,312595,3403573396.0
300308.SZ,20240902,106.65,107.47,102.1,102.23,-4.77,-4.46,220858,2327052895.0
300308.SZ,20240903,102.25,104.21,101.3,103.41,1.18,1.15,130149,1363679675.0
300308.SZ,20240904,97.1,101.26,96.1,100.0,-3.41,-3.3,312259,3128802939.0
300308.SZ,20240905,99.99,102.11,98.51,99.77,-0.23,-0.23,186346,1905466635.0
300308.SZ,20240906,99.1,100.31,97.29,97.52,-2.25,-2.26,144856,1452842457.0
300308.SZ,20240909,96.7,100.4,95.86,100.1,2.58,2.65,194696,1943246213.0
300308.SZ,20240910,100.3,106.83,99.44,104.53,4.43,4.43,330988,3482064294.0
300308.SZ,20240911,106.48,107.25,103.66,104.28,-0.25,-0.24,196116,2100813641.0
300308.SZ,20240912,109.1,110.1,106.0,106.1,1.82,1.75,221984,2433910085.0
300308.SZ,20240913,106.4,114.8,106.37,114.04,7.94,7.48,352840,4029348720.0
300308.SZ,20240918,112.1,114.32,111.11,111.74,-2.3,-2.02,151176,1728577258.0
300308.SZ,20240919,112.22,112.69,104.76,108.13,-3.61,-3.23,273385,2991633108.0
300308.SZ,20240920,110.0,110.6,106.28,107.1,-1.03,-0.95,160763,1764719014.0
300308.SZ,20240923,106.28,109.31,105.59,107.0,-0.1,-0.09,126153,1383375272.0
300308.SZ,20240924,107.23,120.27,107.23,120.26,13.26,12.39,360207,4180930935.0
300308.SZ,20240925,123.79,124.6,119.71,120.09,-0.17,-0.14,286312,3541934247.0
300308.SZ,20240926,121.11,128.08,119.8,127.78,7.69,6.4,268390,3378957115.0
300308.SZ,20240927,126.89,135.78,124.16,131.7,3.92,3.07,495555,6509047689.0
300308.SZ,20240930,134.1,153.6,130.1,152.96,21.26,16.14,613065,8838229249.0
300308.SZ,20241008,183.9,183.93,159.8,183.93,30.97,20.25,749893,13308382364.0
300308.SZ,20241009,173.21,183.67,161.6,164.5,-19.43,-10.56,657548,11459742447.0
300308.SZ,20241010,166.3,167.79,155.1,160.81,-3.69,-2.24,463609,7589027759.0
300308.SZ,20241011,157.11,166.4,154.79,157.74,-3.07,-1.91,351761,5695350470.0
300308.SZ,20241014,157.1,160.68,150.45,160.1,2.36,1.5,422674,6663611573.0
300308.SZ,20241015,159.1,165.16,155.78,155.9,-4.2,-2.62,326374,5281197957.0
300308.SZ,20241016,149.96,152.83,145.76,146.8,-9.1,-5.84,378805,5693117227.0
300308.SZ,20241017,149.1,151.6,146.85,148.6,1.8,1.23,251067,3793453546.0
300308.SZ,20241018,148.1,175.1,147.76,166.1,17.5,11.78,586464,9564395289.0
300308.SZ,20241021,164.5,169.9,157.21,163.07,-3.03,-1.82,547727,9003582218.0
300308.SZ,20241022,167.1,168.43,161.6,168.1,5.03,3.08,407264,6821195796.0
300308.SZ,20241023,158.1,160.72,153.8,154.26,-13.84,-8.23,605579,9627559751.0
300308.SZ,20241024,152.95,164.08,152.6,155.2,0.94,0.61,440364,7032009240.0
300308.SZ,20241025,156.99,157.91,151.75,154.46,-0.74,-0.48,389426,6088855157.0
300308.SZ,20241028,154.47,154.85,146.2,148.64,-5.82,-3.77,408521,6160960449.0
300308.SZ,20241029,146.0,146.1,141.17,141.57,-7.07,-4.76,498015,7211970250.0
300308.SZ,20241030,141.1,143.6,137.42,139.35,-2.22,-1.57,368389,5242208019.0
300308.SZ,20241031,138.1,144.38,136.9,141.12,1.77,1.27,374541,5363028638.0
300308.SZ,20241101,139.58,143.96,137.61,138.83,-2.29,-1.62,295208,4204138032.0
300308.SZ,20241104,140.09,145.0,139.09,141.25,2.42,1.74,260752,3740161224.0
300308.SZ,20241105,141.25,146.93,140.6,146.39,5.14,3.64,443240,6484766792.0
300308.SZ,20241106,146.45,147.3,140.11,141.0,-5.39,-3.68,418908,6100124907.0
300308.SZ,20241107,137.07,145.88,134.46,143.18,2.18,1.55,421563,5996295117.0
300308.SZ,20241108,145.61,149.32,140.31,140.31,-2.87,-2.0,494000,7280882877.0
300308.SZ,20241111,139.1,145.3,136.12,143.0,2.69,1.92,434024,6205807617.0
300308.SZ,20241112,143.11,148.87,140.61,145.6,2.6,1.82,545816,8039834358.0
300308.SZ,20241113,144.62,156.18,142.2,154.4,8.8,6.04,670281,10232668482.0
300308.SZ,20241114,152.85,154.67,146.19,146.91,-7.49,-4.85,396361,6015707948.0
300308.SZ,20241115,146.91,150.98,138.3,138.6,-8.31,-5.66,379955,5538616904.0
300308.SZ,20241118,137.1,138.06,128.98,130.11,-8.49,-6.13,407716,5496304221.0
300308.SZ,20241119,131.43,134.77,127.97,132.9,2.79,2.14,298371,3969159057.0
300308.SZ,20241120,133.59,139.59,133.48,136.24,3.34,2.51,336938,4677398032.0
300308.SZ,20241121,134.11,136.4,129.35,131.9,-4.34,-3.19,323285,4349951087.0
300308.SZ,20241122,131.9,137.08,129.88,130.38,-1.52,-1.15,301188,4081642111.0
300308.SZ,20241125,130.6,131.9,120.6,123.1,-7.28,-5.58,430137,5401072946.0
300308.SZ,20241126,122.1,127.1,121.6,125.14,2.04,1.66,310497,3928288904.0
300308.SZ,20241127,124.1,128.59,122.51,126.79,1.65,1.32,246176,3137692951.0
300308.SZ,20241128,125.52,125.99,122.4,122.89,-3.9,-3.08,252412,3163033241.0
300308.SZ,20241129,123.1,127.96,122.63,124.83,1.94,1.58,284905,3621763223.0
300308.SZ,20241202,126.09,132.26,125.55,130.13,5.3,4.25,347663,4579339760.0
300308.SZ,20241203,130.1,131.3,126.98,128.1,-2.03,-1.56,199422,2612636277.0
300308.SZ,20241204,127.68,129.48,125.4,126.12,-1.98,-1.55,185633,2386692594.0
300308.SZ,20241205,127.21,132.56,127.05,129.94,3.82,3.03,317611,4208443763.0
300308.SZ,20241206,130.16,132.3,128.89,129.61,-0.33,-0.25,202956,2684755838.0
300308.SZ,20241209,129.65,129.69,121.51,123.2,-6.41,-4.95,376291,4745718896.0
300308.SZ,20241210,126.95,126.96,119.62,121.25,-1.95,-1.58,450225,5595924296.0
300308.SZ,20241211,120.1,124.29,118.21,123.23,1.98,1.63,327307,4066996983.0
300308.SZ,20241212,123.1,129.72,122.98,128.27,5.04,4.09,450174,5842276217.0
300308.SZ,20241213,128.1,129.48,123.26,125.2,-3.07,-2.39,346546,4411765096.0
300308.SZ,20241216,126.07,126.33,120.38,120.9,-4.3,-3.43,291855,3608913165.0
300308.SZ,20241217,121.1,128.57,120.65,124.09,3.19,2.64,412614,5244452693.0
300308.SZ,20241218,125.3,125.6,120.76,121.53,-2.56,-2.06,265389,3284955705.0
300308.SZ,20241219,120.28,125.63,119.9,125.14,3.61,2.97,310959,3902829555.0
300308.SZ,20241220,124.41,128.09,124.41,125.2,0.06,0.05,294910,3776819027.0
300308.SZ,20241223,127.6,133.86,126.38,130.69,5.49,4.38,521949,6901435243.0
300308.SZ,20241224,131.11,132.3,126.28,129.71,-0.98,-0.75,350993,4577779698.0
300308.SZ,20241225,129.32,136.04,128.79,133.09,3.38,2.61,363559,4913728770.0
300308.SZ,20241226,133.97,139.6,131.66,138.9,5.81,4.37,428982,5971765588.0
300308.SZ,20241227,139.21,139.66,133.83,134.95,-3.95,-2.84,333322,4613987532.0
300308.SZ,20241230,136.1,136.4,128.18,129.28,-5.67,-4.2,365015,4836103733.0
300308.SZ,20241231,129.06,129.1,121.6,121.61,-7.67,-5.93,393877,4941393710.0
300308.SZ,20250102,120.9,123.9,118.8,120.21,-1.4,-1.15,268596,3303452726.0
300308.SZ,20250103,120.61,122.8,119.1,121.11,0.9,0.75,267897,3306147593.0
300308.SZ,20250106,122.98,126.38,122.6,123.59,2.48,2.05,263932,3326729195.0
300308.SZ,20250107,124.46,126.7,121.7,126.45,2.86,2.31,292006,3683257701.0
300308.SZ,20250108,123.98,124.0,119.82,122.32,-4.13,-3.27,286371,3554744439.0
300308.SZ,20250109,121.11,121.8,119.58,119.61,-2.71,-2.22,293510,3584962690.0
300308.SZ,20250110,119.54,119.54,110.9,111.23,-8.38,-7.01,530303,6122576672.0
300308.SZ,20250113,108.3,112.18,107.79,108.9,-2.33,-2.09,357467,3992272252.0
300308.SZ,20250114,109.0,112.6,106.88,112.45,3.55,3.26,383434,4312170497.0
300308.SZ,20250115,111.31,111.48,108.33,108.64,-3.81,-3.39,293297,3263095816.0
300308.SZ,20250116,109.98,118.47,108.8,117.59,8.95,8.24,710478,8243630407.0
300308.SZ,20250117,118.1,118.68,113.25,115.0,-2.59,-2.2,446539,5243522713.0
300308.SZ,20250120,116.06,119.5,115.94,117.26,2.26,1.97,390652,4674892853.0
300308.SZ,20250121,120.1,121.06,116.48,117.66,0.4,0.34,382739,4591929868.0
300308.SZ,20250122,119.98,132.05,119.7,130.1,12.44,10.57,844803,10837318835.0
300308.SZ,20250123,130.68,132.77,125.41,125.85,-4.25,-3.27,608420,7960645534.0
300308.SZ,20250124,125.24,128.06,124.34,126.35,0.5,0.4,411116,5262527038.0
300308.SZ,20250127,121.1,121.1,112.92,112.92,-13.43,-10.63,681942,8075435666.0
300308.SZ,20250205,107.1,107.1,93.92,96.35,-16.57,-14.67,971081,9629075682.0
300308.SZ,20250206,98.89,99.38,96.13,99.1,2.75,2.85,654658,6532642386.0
300308.SZ,20250207,100.1,107.5,99.81,105.88,6.78,6.84,762699,8139501247.0
300308.SZ,20250210,108.76,109.57,105.91,108.72,2.84,2.68,505152,5543789606.0
300308.SZ,20250211,109.12,111.98,107.7,109.6,0.88,0.81,438795,4927359418.0
300308.SZ,20250212,108.8,110.09,108.1,110.0,0.4,0.36,354246,3929730502.0
300308.SZ,20250213,109.1,109.43,106.16,106.22,-3.78,-3.44,394350,4318115857.0
300308.SZ,20250214,107.87,109.43,104.15,105.53,-0.69,-0.65,362389,3928766783.0
300308.SZ,20250217,106.71,115.96,106.7,113.66,8.13,7.7,715224,8128766872.0
300308.SZ,20250218,112.51,115.08,111.12,111.69,-1.97,-1.73,459562,5263769142.0
300308.SZ,20250219,112.25,112.76,109.56,112.34,0.65,0.58,377064,4275525686.0
300308.SZ,20250220,112.31,114.34,110.71,112.54,0.2,0.18,353730,4047899987.0
300308.SZ,20250221,113.99,118.8,112.9,116.83,4.29,3.81,574486,6788966745.0
300308.SZ,20250224,116.1,116.1,112.11,112.6,-4.23,-3.62,520554,5995134436.0
300308.SZ,20250225,109.11,111.22,108.6,109.45,-3.15,-2.8,457928,5120902634.0
300308.SZ,20250226,108.86,110.46,106.11,110.32,0.87,0.79,494340,5415565181.0
300308.SZ,20250227,111.9,112.93,105.63,106.28,-4.04,-3.66,527821,5833183623.0
300308.SZ,20250228,101.1,102.07,98.32,98.97,-7.31,-6.88,555441,5674377804.0
300308.SZ,20250303,100.54,102.58,98.22,100.87,1.9,1.92,426040,4363389326.0
300308.SZ,20250304,96.38,101.38,95.9,100.56,-0.31,-0.31,321353,3233931382.0
300308.SZ,20250305,101.08,103.07,100.49,101.56,1.0,0.99,252249,2610957400.0
300308.SZ,20250306,102.1,104.58,100.9,103.27,1.71,1.68,409559,4275344977.0
300308.SZ,20250307,101.87,101.89,99.96,100.34,-2.93,-2.84,327768,3364355917.0
300308.SZ,20250310,100.34,101.2,99.1,100.48,0.14,0.14,240640,2451720611.0
300308.SZ,20250311,98.1,99.91,97.5,99.88,-0.6,-0.6,205600,2072991848.0
300308.SZ,20250312,100.8,101.68,99.91,100.46,0.58,0.58,256009,2630768418.0
300308.SZ,20250313,101.85,102.98,99.9,100.59,0.13,0.13,271436,2800508052.0
300308.SZ,20250314,100.1,102.87,99.4,102.09,1.5,1.49,367064,3814550683.0
300308.SZ,20250317,103.1,103.91,102.1,102.36,0.27,0.26,264415,2768114013.0
300308.SZ,20250318,102.33,107.97,100.91,106.96,4.6,4.49,652396,6951391789.0
300308.SZ,20250319,104.78,104.78,102.88,103.08,-3.88,-3.63,352791,3727546663.0
300308.SZ,20250320,103.4,104.6,102.91,103.1,0.02,0.02,198893,2097735041.0
300308.SZ,20250321,102.42,103.06,100.21,100.55,-2.55,-2.47,227333,2343385547.0
300308.SZ,20250324,100.22,102.05,99.42,100.98,0.43,0.43,229785,2360776093.0
300308.SZ,20250325,101.79,102.9,100.03,100.1,-0.88,-0.87,207223,2138989700.0
300308.SZ,20250326,100.04,100.57,99.17,99.18,-0.92,-0.92,159092,1616280049.0
300308.SZ,20250327,97.68,98.58,95.62,97.22,-1.96,-1.98,242059,2392153699.0
300308.SZ,20250328,97.1,97.22,95.51,95.51,-1.71,-1.76,201285,1975158628.0
300308.SZ,20250331,95.1,97.08,94.79,96.74,1.23,1.29,182507,1785252884.0
300308.SZ,20250401,97.13,97.49,96.34,96.71,-0.03,-0.03,122959,1213413300.0
300308.SZ,20250402,96.98,99.48,96.42,97.86,1.15,1.19,218279,2188266042.0
300308.SZ,20250403,94.98,96.06,91.53,91.98,-5.88,-6.01,424985,4056901450.0
300308.SZ,20250407,78.2,80.6,73.2,73.2,-18.78,-20.42,616307,4754931661.0
300308.SZ,20250408,73.29,74.86,68.57,70.38,-2.82,-3.85,692792,5049997329.0
300308.SZ,20250409,68.08,71.64,65.3,70.09,-0.29,-0.41,595501,4218907319.0
300308.SZ,20250410,78.28,79.6,75.2,75.59,5.5,7.85,709269,5639536844.0
300308.SZ,20250411,74.1,77.38,74.01,76.47,0.88,1.16,428937,3324538095.0
300308.SZ,20250414,79.1,82.6,79.0,79.64,3.17,4.15,548927,4545571283.0
300308.SZ,20250415,79.25,79.48,77.39,78.27,-1.37,-1.72,249801,2001413996.0
300308.SZ,20250416,76.63,76.81,74.76,76.09,-2.18,-2.79,266701,2075615546.0
300308.SZ,20250417,75.19,76.95,75.19,75.71,-0.38,-0.5,184925,1444517768.0
300308.SZ,20250418,75.71,77.37,75.65,77.24,1.53,2.02,257548,2026905322.0
300308.SZ,20250421,78.53,80.36,77.25,79.29,2.05,2.65,332028,2684025219.0
300308.SZ,20250422,78.1,78.68,77.21,78.17,-1.12,-1.41,236164,1886578251.0
300308.SZ,20250423,80.2,83.44,78.98,81.62,3.45,4.41,608234,5055290726.0
300308.SZ,20250424,81.1,82.26,79.36,79.43,-2.19,-2.68,306174,2524324727.0
300308.SZ,20250425,80.6,85.09,80.6,83.37,3.94,4.96,644758,5523635877.0
300308.SZ,20250428,83.37,83.62,81.31,81.49,-1.88,-2.26,311217,2611582784.0
300308.SZ,20250429,81.45,82.33,80.52,81.19,-0.3,-0.37,207647,1732324636.0
300308.SZ,20250430,81.35,82.2,80.51,81.59,0.4,0.49,224421,1873973802.0
300308.SZ,20250506,83.27,85.29,83.25,84.75,3.16,3.87,347501,3000543049.0
300308.SZ,20250507,86.86,87.14,83.74,84.75,0.0,0.0,314636,2739491263.0
300308.SZ,20250508,86.96,96.1,86.23,94.59,9.84,11.61,991735,9314493484.0
300308.SZ,20250509,92.79,94.56,92.1,92.9,-1.69,-1.79,423055,4016111630.0
300308.SZ,20250512,96.9,97.16,93.2,95.37,2.47,2.66,468250,4517746385.0
300308.SZ,20250513,98.9,98.9,94.51,94.53,-0.84,-0.88,522157,5125045055.0
300308.SZ,20250514,96.15,99.19,96.15,96.49,1.96,2.07,545564,5422424109.0
300308.SZ,20250515,96.1,96.18,92.2,92.22,-4.27,-4.43,434820,4153582011.0
300308.SZ,20250516,91.5,97.58,91.31,95.93,3.71,4.02,521695,5097600254.0
300308.SZ,20250519,94.79,95.5,93.32,93.38,-2.55,-2.66,305671,2930543348.0
300308.SZ,20250520,93.39,95.28,92.5,94.06,0.68,0.73,264243,2524962465.0
300308.SZ,20250521,93.73,95.4,92.75,93.83,-0.23,-0.24,262242,2513117074.0
300308.SZ,20250522,93.1,94.88,92.5,92.56,-1.27,-1.35,239775,2287188216.0
300308.SZ,20250523,92.51,93.46,89.8,89.97,-2.59,-2.8,273099,2542296672.0
300308.SZ,20250526,90.09,91.09,88.96,90.46,0.49,0.54,187616,1722240996.0
300308.SZ,20250527,89.09,90.28,86.98,88.26,-2.2,-2.43,278219,2501889886.0
300308.SZ,20250528,89.1,91.09,89.1,90.72,2.46,2.79,306261,2819311095.0
300308.SZ,20250529,91.7,94.69,91.38,93.04,2.32,2.56,422422,4021230584.0
300308.SZ,20250530,91.88,92.48,90.61,91.65,-1.39,-1.49,212966,1988389328.0
300308.SZ,20250603,90.6,91.32,89.85,89.86,-1.79,-1.95,183330,1691460256.0
300308.SZ,20250604,91.09,96.07,91.09,95.4,5.54,6.17,611625,5901679328.0
300308.SZ,20250605,95.4,101.68,94.6,100.98,5.58,5.85,677680,6838039804.0
300308.SZ,20250606,100.1,102.55,99.35,101.55,0.57,0.56,468038,4834350374.0
300308.SZ,20250609,103.41,109.26,103.21,106.65,5.1,5.02,726916,7850645377.0
300308.SZ,20250610,106.2,107.83,104.71,105.87,-0.78,-0.73,479187,5186746230.0
300308.SZ,20250611,108.1,109.08,105.18,106.08,0.21,0.2,343044,3727687086.0
300308.SZ,20250612,105.2,117.3,105.1,114.1,8.02,7.56,864869,10020896637.0
300308.SZ,20250613,112.61,115.99,112.08,114.75,0.65,0.57,474889,5533959004.0
300308.SZ,20250616,115.02,121.55,115.0,118.67,3.92,3.42,593699,7204021602.0
300308.SZ,20250617,119.11,120.3,116.0,117.46,-1.21,-1.02,358237,4277997538.0
300308.SZ,20250618,116.61,123.7,114.2,123.16,5.7,4.85,678263,8223181235.0
300308.SZ,20250619,123.16,129.39,122.2,126.9,3.74,3.04,625735,8012237029.0
300308.SZ,20250620,128.6,129.78,123.37,128.1,1.2,0.95,493005,6336169527.0
300308.SZ,20250623,125.9,127.93,121.28,125.69,-2.41,-1.88,535024,6766509226.0
300308.SZ,20250624,126.98,128.57,122.9,123.85,-1.84,-1.46,450006,5693248381.0
300308.SZ,20250625,125.6,127.29,121.8,124.33,0.48,0.39,492457,6175859555.0
300308.SZ,20250626,126.2,131.78,125.68,128.3,3.97,3.19,599787,7803404705.0
300308.SZ,20250627,127.77,138.87,125.16,137.0,8.7,6.78,662779,8945449942.0
300308.SZ,20250630,140.1,145.2,136.61,144.46,7.46,5.45,752144,10740859553.0
300308.SZ,20250701,142.19,145.38,141.35,143.9,-0.56,-0.39,319591,4641124101.0
300308.SZ,20250702,141.1,141.2,136.73,137.53,-6.37,-4.43,365771,5109386349.0
300308.SZ,20250703,140.07,142.44,138.09,140.86,3.33,2.42,383979,5430809334.0
300308.SZ,20250704,141.71,143.78,137.15,138.05,-2.81,-1.99,418745,5927014308.0
300308.SZ,20250707,136.1,138.37,128.81,133.75,-4.3,-3.11,575204,7722491414.0
300308.SZ,20250708,133.36,143.86,132.42,143.48,9.73,7.27,532241,7500377251.0
300308.SZ,20250709,143.6,147.96,142.65,143.9,0.42,0.29,415096,6085220986.0
300308.SZ,20250710,145.12,147.28,140.6,145.19,1.29,0.9,435404,6336658699.0
300308.SZ,20250711,143.34,146.48,141.15,143.88,-1.31,-0.9,310989,4513795972.0
300308.SZ,20250714,142.93,149.1,142.93,148.42,4.54,3.16,388532,5781039353.0
300308.SZ,20250715,153.9,173.59,153.9,173.41,24.99,16.84,924064,15619206714.0
300308.SZ,20250716,178.4,180.57,168.27,169.36,-4.05,-2.34,905852,15982905351.0
300308.SZ,20250717,167.79,177.59,167.77,175.45,6.09,3.6,604631,10555310876.0
300308.SZ,20250718,179.78,190.61,177.6,179.22,3.77,2.15,611562,11298766457.0
300308.SZ,20250721,178.49,187.0,175.78,186.55,7.33,4.09,596835,10909835928.0
300308.SZ,20250722,185.7,195.7,180.0,183.04,-3.51,-1.88,592913,11209847410.0
300308.SZ,20250723,177.6,186.48,174.6,184.78,1.74,0.95,405784,7395940401.0
300308.SZ,20250724,189.1,191.56,180.27,183.8,-0.98,-0.53,442080,8263192060.0
300308.SZ,20250725,184.6,188.5,183.11,183.82,0.02,0.01,287877,5368796806.0
300308.SZ,20250728,184.6,191.83,182.8,190.47,6.65,3.62,438948,8281245572.0
300308.SZ,20250729,196.61,209.59,196.61,208.53,18.06,9.48,584404,12100039458.0
300308.SZ,20250730,205.66,210.4,202.19,209.2,0.67,0.32,390506,8122926810.0
300308.SZ,20250731,219.6,227.2,214.53,216.21,7.01,3.35,644066,14274550601.0
300308.SZ,20250801,211.12,219.48,206.23,209.23,-6.98,-3.23,475947,10151901431.0
300308.SZ,20250804,206.13,208.94,203.1,207.02,-2.21,-1.06,330837,6857077166.0
300308.SZ,20250805,215.1,216.97,202.1,209.52,2.5,1.21,414138,8698318761.0
300308.SZ,20250806,205.31,212.18,205.21,209.12,-0.4,-0.19,255302,5366654089.0
300308.SZ,20250807,209.12,214.6,195.8,207.06,-2.06,-0.99,453077,9320003538.0
300308.SZ,20250808,205.6,212.48,203.6,207.9,0.84,0.41,327315,6886805778.0
300308.SZ,20250811,208.6,219.1,208.59,213.35,5.45,2.62,350763,7548075951.0
300308.SZ,20250812,213.6,224.99,211.6,224.28,10.93,5.12,430829,9534149021.0
300308.SZ,20250813,225.35,251.56,222.6,250.6,26.32,11.74,551265,13273577994.0
300308.SZ,20250814,245.0,246.69,238.0,238.07,-12.53,-5.0,407601,9927494343.0
300308.SZ,20250815,240.07,244.05,233.71,236.65,-1.42,-0.6,350541,8382671265.0
300308.SZ,20250818,240.22,266.6,236.68,258.6,21.95,9.28,469850,11956921107.0
300308.SZ,20250819,258.6,276.18,257.5,274.1,15.5,5.99,409789,11069282565.0
300308.SZ,20250820,260.59,267.6,256.01,266.39,-7.71,-2.81,408197,10773818989.0
300308.SZ,20250821,271.4,273.2,254.7,263.82,-2.57,-0.96,394436,10428978808.0
300308.SZ,20250822,257.71,279.48,257.6,277.5,13.68,5.19,382582,10408840533.0
300308.SZ,20250825,286.6,318.6,286.6,318.6,41.1,14.81,498061,15236503897.0
300308.SZ,20250826,312.2,321.4,304.6,312.6,-6.0,-1.88,361919,11402947511.0
300308.SZ,20250827,318.6,344.5,309.91,323.7,11.1,3.55,610746,20077028380.0
300308.SZ,20250828,321.47,358.18,321.05,357.63,33.93,10.48,583916,20116514921.0
300308.SZ,20250829,350.6,366.3,343.57,353.52,-4.11,-1.15,490333,17315300338.0
300308.SZ,20250901,371.35,412.4,362.6,404.7,51.18,14.48,598651,23173867536.0
300308.SZ,20250902,400.62,418.2,372.47,382.6,-22.1,-5.46,784127,31063167519.0
300308.SZ,20250903,390.6,428.59,377.7,424.79,42.19,11.03,712352,28716626617.0
300308.SZ,20250904,434.6,446.6,362.48,367.74,-57.05,-13.43,939057,36731803946.0
300308.SZ,20250905,376.62,417.48,360.32,405.6,37.86,10.3,792551,30591669080.0
300308.SZ,20250908,392.6,392.6,342.6,368.59,-37.01,-9.12,741116,27097510062.0
300308.SZ,20250909,363.62,371.21,345.6,357.89,-10.7,-2.9,480631,17329017116.0
300308.SZ,20250910,376.6,394.08,369.18,383.6,25.71,7.18,620102,23749946610.0
300308.SZ,20250911,400.79,442.59,400.79,438.57,54.97,14.33,656802,27786933614.0
300308.SZ,20250912,415.6,430.59,408.6,420.69,-17.88,-4.08,472506,19984616455.0
300308.SZ,20250915,408.6,418.57,396.24,406.62,-14.07,-3.34,357525,14621407478.0
300308.SZ,20250916,408.63,420.57,394.82,410.02,3.4,0.84,442533,17975150666.0
300308.SZ,20250917,403.6,411.58,389.71,404.8,-5.22,-1.27,324316,13067610632.0
300308.SZ,20250918,392.81,428.59,387.81,408.0,3.2,0.79,561608,22855123990.0
300308.SZ,20250919,414.0,423.6,398.63,420.1,12.1,2.97,466536,19367174603.0
300308.SZ,20250922,415.89,420.4,393.28,416.6,-3.5,-0.83,412685,16928692917.0
300308.SZ,20250923,445.61,455.61,416.6,432.89,16.29,3.91,534440,23278260110.0
300308.SZ,20250924,414.61,433.6,408.6,422.1,-10.79,-2.49,393386,16589365257.0
300308.SZ,20250925,414.61,441.56,402.6,433.2,11.1,2.63,505592,21620180903.0
300308.SZ,20250926,427.65,440.9,412.3,412.3,-20.9,-4.82,351118,14918149499.0
300308.SZ,20250929,408.72,431.77,401.69,415.35,3.05,0.74,429059,18029890029.0
300308.SZ,20250930,417.11,433.6,396.66,402.28,-13.07,-3.15,392893,16248125252.0
300308.SZ,20251009,417.6,425.26,396.28,397.41,-4.87,-1.21,390909,16122596932.0
300308.SZ,20251010,397.61,406.4,379.61,388.6,-8.81,-2.22,384286,15167250787.0
300308.SZ,20251013,368.0,381.0,360.8,375.99,-12.61,-3.24,409313,15302419922.0
300308.SZ,20251014,384.0,384.94,343.0,345.1,-30.89,-8.22,514339,18448572394.0
300308.SZ,20251015,344.0,356.0,336.0,353.12,8.02,2.32,353173,12275375118.0
300308.SZ,20251016,350.14,378.3,349.03,365.97,12.85,3.64,342568,12630929311.0
300308.SZ,20251017,366.17,380.91,359.0,372.6,6.63,1.81,467636,17358864502.0
300308.SZ,20251020,407.19,420.21,394.58,402.0,29.4,7.89,601551,24468412270.0
300308.SZ,20251021,409.0,450.48,404.0,440.5,38.5,9.58,565179,24436154422.0
300308.SZ,20251022,435.09,456.5,435.09,443.3,2.8,0.64,397499,17757275763.0
300308.SZ,20251023,440.08,442.0,424.7,439.88,-3.42,-0.77,276011,12011352771.0
300308.SZ,20251024,449.0,494.65,436.1,493.0,53.12,12.08,491025,23033970651.0
300308.SZ,20251027,502.98,514.0,494.56,507.94,14.94,3.03,450724,22787904833.0
300308.SZ,20251028,502.3,535.0,500.0,512.0,4.06,0.8,417961,21740189238.0
300308.SZ,20251029,537.01,541.01,505.16,519.72,7.72,1.51,417271,21670889448.0
300308.SZ,20251030,515.51,537.0,508.0,513.74,-5.98,-1.15,453310,23600113527.0
300308.SZ,20251031,502.0,508.0,471.0,472.01,-41.73,-8.12,563013,27346603031.0
300308.SZ,20251103,469.67,482.4,456.51,479.0,6.99,1.48,398409,18730146946.0
300308.SZ,20251104,488.6,503.29,472.88,476.8,-2.2,-0.46,360854,17622196967.0
300308.SZ,20251105,461.02,479.0,457.79,476.01,-0.79,-0.17,264088,12390456806.0
300308.SZ,20251106,487.0,506.88,481.27,495.88,19.87,4.17,373251,18457495762.0
300308.SZ,20251107,490.0,498.79,478.0,489.05,-6.83,-1.38,243100,11923843237.0
300308.SZ,20251110,487.88,494.88,459.0,489.0,-0.05,-0.01,352111,16744462629.0
300308.SZ,20251111,492.68,498.66,463.0,467.05,-21.95,-4.49,325131,15621818930.0
300308.SZ,20251112,458.63,491.39,449.01,490.75,23.7,5.07,423022,19890723540.0
300308.SZ,20251113,488.28,488.28,469.01,480.0,-10.75,-2.19,313317,15002143507.0
300308.SZ,20251114,464.18,472.88,453.22,461.82,-18.18,-3.79,247273,11512786152.0
300308.SZ,20251117,474.2,487.64,467.4,482.2,20.38,4.41,282466,13512966106.0
300308.SZ,20251118,473.7,489.8,469.01,471.91,-10.29,-2.13,240679,11554982044.0
300308.SZ,20251119,471.43,498.7,471.0,487.6,15.69,3.32,337865,16542781774.0
300308.SZ,20251120,514.0,521.38,489.33,491.0,3.4,0.7,353522,17783386637.0
300308.SZ,20251121,471.99,482.0,459.0,463.01,-27.99,-5.7,414123,19479251603.0
300308.SZ,20251124,469.0,475.99,435.96,455.8,-7.21,-1.56,464258,21222535809.0
300308.SZ,20251125,476.01,493.8,469.01,478.66,22.86,5.02,439365,21131904345.0
300308.SZ,20251126,474.2,555.88,469.4,542.22,63.56,13.28,628951,32975131625.0
300308.SZ,20251127,536.0,557.77,522.36,523.0,-19.22,-3.54,437328,23641332186.0
300308.SZ,20251128,526.2,528.8,507.6,513.5,-9.5,-1.82,324657,16750682586.0
300308.SZ,20251201,523.0,545.5,514.0,537.0,23.5,4.58,372867,19884723666.0
300308.SZ,20251202,541.0,550.13,534.5,541.0,4.0,0.74,271615,14774407354.0
300308.SZ,20251203,539.54,557.58,521.11,522.73,-18.27,-3.38,368328,19817626709.0
300308.SZ,20251204,516.37,535.53,511.34,534.5,11.77,2.25,263194,13837413099.0
300308.SZ,20251205,538.53,544.0,524.0,536.05,1.55,0.29,282826,15166870065.0
300308.SZ,20251208,542.0,584.0,538.0,569.0,32.95,6.15,408224,23130085523.0
300308.SZ,20251209,569.09,612.0,567.54,605.0,36.0,6.33,371293,22178752621.0
300308.SZ,20251210,608.06,619.0,588.5,615.0,10.0,1.65,302094,18313255432.0
300308.SZ,20251211,609.0,626.11,584.91,585.81,-29.19,-4.75,363531,22007836032.0
300308.SZ,20251212,586.0,602.88,569.22,581.0,-4.81,-0.82,468789,27362453086.0
300308.SZ,20251215,569.0,587.0,567.0,569.86,-11.14,-1.92,300987,17331138638.0
300308.SZ,20251216,567.8,574.0,544.01,550.79,-19.07,-3.35,279702,15609524937.0
300308.SZ,20251217,556.0,591.07,555.66,588.98,38.19,6.93,323570,18602336343.0
300308.SZ,20251218,575.99,578.87,562.43,570.2,-18.78,-3.19,241629,13813326874.0
300308.SZ,20251219,582.34,586.0,569.28,570.7,0.5,0.09,224429,12979061282.0
300308.SZ,20251222,589.01,621.0,589.01,616.5,45.8,8.03,394412,23897727826.0
300308.SZ,20251223,624.0,627.99,613.0,620.0,3.5,0.57,233642,14498372814.0
300308.SZ,20251224,626.64,637.0,616.6,633.4,13.4,2.16,235091,14752690734.0
300308.SZ,20251225,644.0,657.8,617.41,638.8,5.4,0.85,259387,16554891810.0
300308.SZ,20251226,627.3,635.95,617.0,626.0,-12.8,-2.0,213762,13392778801.0
300308.SZ,20251229,626.64,632.69,611.73,617.0,-9.0,-1.44,241126,14961103073.0
300308.SZ,20251230,617.1,643.34,614.0,631.0,14.0,2.27,261145,16460770394.0
300308.SZ,20251231,628.0,632.0,607.0,609.0,-22.0,-3.49,225604,13944071967.0
300308.SZ,20260105,620.08,626.29,599.17,622.51,13.51,2.22,302042,18658748247.0
300308.SZ,20260106,605.0,614.8,589.2,604.25,-18.26,-2.93,335583,20243859699.0
300308.SZ,20260107,615.8,627.0,601.0,618.6,14.35,2.37,280015,17281311977.0
300308.SZ,20260108,610.1,615.0,591.0,594.45,-24.15,-3.9,291962,17523125451.0
300308.SZ,20260109,574.94,594.0,560.61,582.2,-12.25,-2.06,385723,22201259669.0
300308.SZ,20260112,569.0,599.0,557.85,590.97,8.77,1.51,383608,22117906764.0
300308.SZ,20260113,579.8,615.6,579.01,584.76,-6.21,-1.05,320559,19108309973.0
300308.SZ,20260114,594.35,599.88,566.01,592.0,7.24,1.24,417330,24433697896.0
300308.SZ,20260115,582.2,635.99,580.02,624.02,32.02,5.41,459038,27888274548.0
300308.SZ,20260116,634.97,644.0,614.02,616.0,-8.02,-1.29,372724,23373957057.0
300308.SZ,20260119,604.0,618.0,601.57,604.5,-11.5,-1.87,223079,13561463232.0
300308.SZ,20260120,604.52,607.0,579.0,584.0,-20.5,-3.39,262900,15451090110.0
300308.SZ,20260121,585.24,598.66,580.0,580.9,-3.1,-0.53,250959,14836515565.0
300308.SZ,20260122,589.08,623.5,584.0,620.0,39.1,6.73,401944,24274588606.0
300308.SZ,20260123,613.0,614.0,579.16,584.0,-36.0,-5.81,396560,23458779409.0
300308.SZ,20260126,579.0,597.0,571.01,588.8,4.8,0.82,260881,15300491053.0
300308.SZ,20260127,588.96,629.0,585.7,614.6,25.8,4.38,387287,23794065735.0
300308.SZ,20260128,631.0,643.98,622.0,627.0,12.4,2.02,329264,20818996206.0
300308.SZ,20260129,636.0,636.95,609.11,612.85,-14.15,-2.26,248940,15437115006.0
300308.SZ,20260130,615.2,652.58,604.93,648.0,35.15,5.74,357592,22650812274.0
300308.SZ,20260202,634.01,657.58,590.0,590.0,-58.0,-8.95,559980,34642172762.0
300308.SZ,20260203,606.0,617.8,575.0,588.7,-1.3,-0.22,429180,25546318135.0
300308.SZ,20260204,569.0,573.55,524.13,559.0,-29.7,-5.05,527210,29004521607.0
300308.SZ,20260205,560.01,576.75,555.01,560.99,1.99,0.36,318675,18014061307.0
300308.SZ,20260206,547.11,560.88,529.3,539.01,-21.98,-3.92,328676,17909389388.0
300308.SZ,20260209,560.0,572.99,549.12,564.99,25.98,4.82,366633,20565541885.0
300308.SZ,20260210,560.55,572.68,554.5,554.71,-10.28,-1.82,217158,12239667574.0
300308.SZ,20260211,550.01,553.0,521.53,530.91,-23.8,-4.29,397136,21161447644.0
300308.SZ,20260212,534.0,545.38,522.38,526.46,-4.45,-0.84,301786,16055660075.0
300308.SZ,20260213,523.0,542.8,514.0,530.0,3.54,0.67,260436,13816376824.0
300308.SZ,20260224,541.0,571.02,521.0,553.0,23.0,4.34,356558,19693436144.0
300308.SZ,20260225,549.0,568.86,547.0,565.07,12.07,2.18,214792,11999241088.0
300308.SZ,20260226,565.07,573.0,558.0,571.22,6.15,1.09,252800,14340448873.0
300308.SZ,20260227,554.0,558.98,530.11,533.0,-38.22,-6.69,347125,18806220503.0
300308.SZ,20260302,519.0,579.0,519.0,569.58,36.58,6.86,493103,27557516445.0
300308.SZ,20260303,569.8,598.04,562.28,562.8,-6.78,-1.19,393101,22869564245.0
300308.SZ,20260304,553.02,562.5,535.5,538.0,-24.8,-4.41,307429,16777788849.0
300308.SZ,20260305,555.0,584.0,551.6,556.0,18.0,3.35,379004,21444655495.0
300308.SZ,20260306,552.0,558.98,536.06,544.48,-11.52,-2.07,219668,12028188485.0
300308.SZ,20260309,519.1,527.3,505.0,524.99,-19.49,-3.58,314743,16230653690.0
300308.SZ,20260310,539.0,547.98,529.02,546.0,21.01,4.0,283094,15348948106.0
300308.SZ,20260311,556.0,567.9,552.0,553.68,7.68,1.41,238972,13412042199.0
300308.SZ,20260312,556.25,562.58,527.5,533.8,-19.88,-3.59,239117,12905792454.0
300308.SZ,20260313,525.5,547.88,524.01,541.02,7.22,1.35,211982,11483224114.0
300308.SZ,20260316,548.05,564.0,539.32,560.7,19.68,3.64,274320,15210952033.0
300308.SZ,20260317,569.0,576.88,538.0,542.0,-18.7,-3.34,300410,16803741799.0
300308.SZ,20260318,552.86,581.05,549.0,579.0,37.0,6.83,377805,21435555273.0
300308.SZ,20260319,579.0,591.8,568.9,574.2,-4.8,-0.83,331408,19280585871.0
300308.SZ,20260320,604.0,631.72,603.1,611.0,36.8,6.41,538539,33344122514.0
300308.SZ,20260323,589.31,617.1,584.0,598.62,-12.38,-2.03,378520,22741347135.0
300308.SZ,20260324,598.0,604.0,576.0,602.19,3.57,0.6,282636,16716920527.0
300308.SZ,20260325,624.0,634.0,615.05,627.4,25.21,4.19,335631,21048050377.0
300308.SZ,20260326,625.89,644.0,611.83,613.2,-14.2,-2.26,262769,16491318309.0
300308.SZ,20260327,597.85,608.88,587.66,597.0,-16.2,-2.64,224326,13421963395.0
300308.SZ,20260330,584.0,594.58,578.0,588.08,-8.92,-1.49,209255,12283293316.0
300308.SZ,20260331,570.0,584.9,554.0,568.41,-19.67,-3.34,261202,14942137036.0
300308.SZ,20260401,590.0,601.0,580.2,600.87,32.46,5.71,255405,15121134057.0
300308.SZ,20260402,592.01,595.77,577.69,581.0,-19.87,-3.31,177310,10393303258.0
300308.SZ,20260403,599.0,624.0,593.35,605.52,24.52,4.22,290271,17694513704.0
300308.SZ,20260407,607.0,635.66,596.7,618.53,13.01,2.15,239031,14668397048.0
300308.SZ,20260408,652.53,687.26,642.0,687.14,68.61,11.09,396630,26479882606.0
300308.SZ,20260409,681.0,699.0,677.01,692.02,4.88,0.71,249619,17248692686.0
300308.SZ,20260410,699.0,742.04,693.01,733.65,41.63,6.02,330801,23842833150.0
300308.SZ,20260413,737.8,743.0,713.23,737.0,3.35,0.46,228876,16730510498.0
300308.SZ,20260414,749.0,785.22,747.78,772.0,35.0,4.75,292668,22475999263.0
300308.SZ,20260415,786.0,807.83,765.0,778.98,6.98,0.9,323452,25441092937.0
300308.SZ,20260416,771.37,809.11,761.35,808.61,29.63,3.8,286570,22749930918.0
300308.SZ,20260417,840.0,864.0,819.24,850.0,41.39,5.12,398572,33630034467.0
300308.SZ,20260420,848.0,877.98,839.58,849.0,-1.0,-0.12,272631,23357063772.0
300308.SZ,20260421,848.75,867.0,838.0,863.86,14.86,1.75,251138,21433791330.0
300308.SZ,20260422,858.3,892.2,853.0,885.62,21.76,2.52,294383,25705226811.0
300308.SZ,20260423,889.0,918.99,876.78,896.0,10.38,1.17,309869,27877944598.0
300308.SZ,20260424,899.25,914.0,853.53,885.99,-10.01,-1.12,383884,33962426837.0
300308.SZ,20260427,898.0,899.0,853.0,856.03,-29.96,-3.38,318149,27543690271.0
300308.SZ,20260428,853.0,853.0,820.0,824.0,-32.03,-3.74,295109,24518220805.0
300308.SZ,20260429,815.23,862.0,815.23,845.0,21.0,2.55,251731,21221971379.0
300308.SZ,20260430,863.66,874.65,845.0,857.5,12.5,1.48,212710,18256407622.0
300308.SZ,20260506,888.5,889.0,840.45,856.0,-1.5,-0.17,309386,26756822154.0
300308.SZ,20260507,858.0,889.15,835.0,877.47,21.47,2.51,277190,23995585894.0
300308.SZ,20260508,864.95,898.95,861.56,886.0,8.53,0.97,197641,17406542424.0
300308.SZ,20260511,889.06,946.79,870.0,940.13,54.13,6.11,322655,29399331289.0
300308.SZ,20260512,961.0,1022.9,960.0,1017.99,77.86,8.28,345421,34442619232.0
300308.SZ,20260513,999.68,1052.2,991.12,1049.2,31.21,3.07,260005,26467945093.0
300308.SZ,20260514,1065.0,1088.88,1025.1,1078.0,28.8,2.74,300571,31835259103.0
300308.SZ,20260515,1068.99,1099.87,1034.0,1049.87,-28.13,-2.61,276253,29275322893.0
300308.SZ,20260518,1030.03,1075.0,1030.03,1045.0,-4.87,-0.46,243132,25546322518.0
300308.SZ,20260519,1026.0,1037.38,988.88,1030.0,-15.0,-1.44,272749,27528008856.0
300308.SZ,20260520,1019.11,1071.0,1019.11,1037.0,7.0,0.68,225973,23581065527.0
300308.SZ,20260521,1060.0,1065.0,993.34,993.34,-43.66,-4.21,237726,24395401283.0
300308.SZ,20260522,1010.04,1044.87,1006.18,1037.98,44.64,4.49,209338,21509318911.0
300308.SZ,20260525,1054.99,1094.98,1025.55,1093.0,55.02,5.3,250761,26633292536.0
300308.SZ,20260526,1079.0,1110.0,1076.0,1103.0,10.0,0.91,234391,25717381407.0
300308.SZ,20260527,1090.0,1147.0,1088.67,1111.37,8.37,0.76,250688,28064034996.0
300308.SZ,20260528,1100.0,1199.79,1085.56,1197.99,86.62,7.79,287465,32911837684.0
300308.SZ,20260529,1190.0,1209.99,1155.0,1161.16,-36.83,-3.07,287268,33891957432.0
300308.SZ,20260601,1161.0,1183.61,1113.9,1130.0,-31.16,-2.68,269782,30968403448.0
300308.SZ,20260602,1153.6,1205.58,1140.01,1191.81,61.81,5.47,290063,34167017419.0
300308.SZ,20260603,1220.0,1320.0,1220.0,1275.0,83.19,6.98,345251,43881189297.0
300308.SZ,20260604,1250.0,1290.0,1241.36,1280.0,5.0,0.39,217142,27594721466.0
300308.SZ,20260605,1273.2,1301.51,1160.0,1179.99,-100.01,-7.81,474741,58324832701.0
300308.SZ,20260608,1132.79,1179.45,1132.0,1154.99,-25.0,-2.12,336120,38923878723.0
300308.SZ,20260609,1140.97,1196.16,1126.9,1180.0,25.01,2.17,398930,46676010458.0
300308.SZ,20260610,1150.0,1174.0,1128.8,1147.0,-33.0,-2.8,228965,26382501758.0
300308.SZ,20260611,1136.0,1174.9,1093.0,1124.0,-23.0,-2.01,305924,34558724425.0
300308.SZ,20260612,1182.0,1188.5,1128.18,1149.0,25.0,2.22,346851,40003007250.0
300308.SZ,20260615,1175.0,1245.0,1122.0,1245.0,96.0,8.36,342237,40751494524.0
300308.SZ,20260616,1240.0,1273.68,1232.46,1248.09,3.09,0.25,232822,29091725555.0
300308.SZ,20260617,1228.0,1276.13,1220.05,1276.11,28.02,2.25,217562,27272022889.0
300308.SZ,20260618,1270.0,1368.5,1268.73,1367.88,91.77,7.19,285516,38176552698.0
300308.SZ,20260622,1367.78,1416.88,1343.38,1382.33,14.45,1.06,280333,38643675146.0
300308.SZ,20260623,1395.0,1395.0,1300.0,1310.01,-72.32,-5.23,291773,38963677904.0
300308.SZ,20260624,1313.61,1344.88,1282.15,1312.18,2.17,0.17,262257,34437448050.0
300308.SZ,20260625,1326.0,1345.09,1280.02,1323.4,11.22,0.86,376090,49655189337.0
300308.SZ,20260626,1296.0,1296.94,1235.13,1253.89,-69.51,-5.25,352811,44480805076.0
300308.SZ,20260629,1239.0,1264.21,1169.49,1220.0,-33.89,-2.7,352899,42631770347.0
300308.SZ,20260630,1223.01,1295.6,1218.21,1270.0,50.0,4.1,276783,34960563603.0
300308.SZ,20260701,1263.5,1315.57,1208.0,1223.17,-46.83,-3.69,271557,34256250272.0
300308.SZ,20260702,1160.0,1198.0,1127.4,1143.0,-80.17,-6.55,317620,36721292927.0
300308.SZ,20260703,1130.0,1188.01,1115.0,1116.0,-27.0,-2.36,328618,37702362948.77
